{
  "project_info": {
    "project_number": "615973862360",
    "project_id": "kotlinuberremake-bee5f",
    "storage_bucket": "kotlinuberremake-bee5f.appspot.com"
  },
  "client": [
    {
      "client_info": {
        "mobilesdk_app_id": "1:615973862360:android:2f7bb9bbe72c08e63090ad",
        "android_client_info": {
          "package_name": "com.example.kotlinuberremake"
        }
      },
      "oauth_client": [
        {
          "client_id": "615973862360-g9l2lbf56ttfkrrmpsnem7176e2vjsh6.apps.googleusercontent.com",
          "client_type": 3
        }
      ],
      "api_key": [
        {
          "current_key": "AIzaSyCiQgKFT1wovx8s2Iv36uEHnYoJLxNzsaQ"
        }
      ],
      "services": {
        "appinvite_service": {
          "other_platform_oauth_client": [
            {
              "client_id": "615973862360-g9l2lbf56ttfkrrmpsnem7176e2vjsh6.apps.googleusercontent.com",
              "client_type": 3
            }
          ]
        }
      }
    }
  ],
  "configuration_version": "1"
}